Kreisfreie Städte und Landkreise nach Fläche, Bevölkerung und Bevölkerungsdichte;;;;;;;;;;;;;;;;;
Gebietsstand: 31.12.2021;;;;;;;;;;;;;;;;;
;;;;;;;;;;;;;;;;;
Schlüssel-nummer;Regionale Bezeichnung;Kreisfreie Stadt;NUTS3;"Fläche 
in km2";Bevölkerung2);;;;;;;;;;;;
;;Kreis / Landkreis;;;insgesamt;männlich;weiblich;je km2;;;;;;;;;
1;2;  3;  4;  5;   6;   7;   8;   9;;;;;;;;;
;;;;;;;;;;;;;;;;;
01;Schleswig-Holstein;;;;;;;;;;;;;;;;
01001;Kreisfreie Stadt;Flensburg, Stadt;DEF01;    56,73;   91 113;   45 336;   45 777;   1 606;;;;;;;;;
01002;Kreisfreie Stadt;Kiel, Landeshauptstadt;DEF02;    118,65;   246 243;   119 860;   126 383;   2 075;;;;;;;;;
01003;Kreisfreie Stadt;Lübeck, Hansestadt;DEF03;    214,19;   216 277;   104 005;   112 272;   1 010;;;;;;;;;
01004;Kreisfreie Stadt;Neumünster, Stadt;DEF04;    71,66;   79 496;   39 382;   40 114;   1 109;;;;;;;;;
01051;Kreis;Dithmarschen;DEF05;   1 428,17;   133 969;   66 046;   67 923;    94;;;;;;;;;
01053;Kreis;Herzogtum Lauenburg;DEF06;   1 263,06;   200 819;   98 622;   102 197;    159;;;;;;;;;
01054;Kreis;Nordfriesland;DEF07;   2 083,56;   167 560;   82 039;   85 521;    80;;;;;;;;;
01055;Kreis;Ostholstein;DEF08;   1 393,02;   202 014;   97 423;   104 591;    145;;;;;;;;;
01056;Kreis;Pinneberg;DEF09;    664,25;   318 326;   156 244;   162 082;    479;;;;;;;;;
01057;Kreis;Plön;DEF0A;   1 083,56;   129 687;   62 753;   66 934;    120;;;;;;;;;
01058;Kreis;Rendsburg-Eckernförde;DEF0B;   2 189,79;   276 053;   135 883;   140 170;    126;;;;;;;;;
01059;Kreis;Schleswig-Flensburg;DEF0C;   2 071,28;   203 799;   100 681;   103 118;    98;;;;;;;;;
01060;Kreis;Segeberg;DEF0D;   1 344,47;   280 400;   138 337;   142 063;    209;;;;;;;;;
01061;Kreis;Steinburg;DEF0E;   1 055,70;   130 843;   64 611;   66 232;    124;;;;;;;;;
01062;Kreis;Stormarn;DEF0F;    766,22;   245 406;   119 842;   125 564;    320;;;;;;;;;
;;Insgesamt;;   15 804,31;  2 922 005;  1 431 064;  1 490 941;    185;;;;;;;;;
02;Hamburg;;;;;;;;;;;;;;;;
02000;Kreisfreie Stadt;Hamburg, Freie und Hansestadt;DE600;    755,09;  1 853 935;   907 682;   946 253;   2 455;;;;;;;;;
03;Niedersachsen;;;;;;;;;;;;;;;;
031;Statistische Region Braunschweig;;;;;;;;;;;;;;;;
03101;Kreisfreie Stadt;Braunschweig, Stadt;DE911;    192,70;   248 823;   123 441;   125 382;   1 291;;;;;;;;;
03102;Kreisfreie Stadt;Salzgitter, Stadt;DE912;    224,49;   103 694;   51 539;   52 155;    462;;;;;;;;;
03103;Kreisfreie Stadt;Wolfsburg, Stadt;DE913;    204,62;   123 949;   61 765;   62 184;    606;;;;;;;;;
03151;Landkreis;Gifhorn;DE914;   1 567,57;   177 919;   88 884;   89 035;    113;;;;;;;;;
03153;Landkreis;Goslar;DE916;    966,71;   134 050;   66 486;   67 564;    139;;;;;;;;;
03154;Landkreis;Helmstedt;DE917;    676,13;   91 379;   45 304;   46 075;    135;;;;;;;;;
03155;Landkreis;Northeim;DE918;   1 268,77;   131 765;   64 911;   66 854;    104;;;;;;;;;
03157;Landkreis;Peine;DE91A;    536,50;   136 960;   67 861;   69 099;    255;;;;;;;;;
03158;Landkreis;Wolfenbüttel;DE91B;    724,32;   119 224;   59 013;   60 211;    165;;;;;;;;;
03159;Landkreis;Göttingen;DE91C;   1 755,41;   323 661;   158 925;   164 736;    184;;;;;;;;;
032;Statistische Region Hannover;;;;;;;;;;;;;;;;
03241;Landkreis;Region Hannover;DE929;   2 297,13;  1 157 541;   566 956;   590 585;    504;;;;;;;;;
03251;Landkreis;Diepholz;DE922;   1 991,00;   218 839;   108 750;   110 089;    110;;;;;;;;;
03252;Landkreis;Hameln-Pyrmont;DE923;    797,54;   148 963;   72 157;   76 806;    187;;;;;;;;;
03254;Landkreis;Hildesheim;DE925;   1 208,34;   274 773;   134 208;   140 565;    227;;;;;;;;;
03255;Landkreis;Holzminden;DE926;    694,27;   69 862;   34 701;   35 161;    101;;;;;;;;;
03256;Landkreis;Nienburg (Weser);DE927;   1 400,83;   121 773;   60 359;   61 414;    87;;;;;;;;;
03257;Landkreis;Schaumburg;DE928;    675,67;   158 108;   77 495;   80 613;    234;;;;;;;;;
033;Statistische Region Lüneburg;;;;;;;;;;;;;;;;
03351;Landkreis;Celle;DE931;   1 550,83;   179 915;   88 410;   91 505;    116;;;;;;;;;
03352;Landkreis;Cuxhaven;DE932;   2 058,96;   199 603;   97 551;   102 052;    97;;;;;;;;;
03353;Landkreis;Harburg;DE933;   1 248,45;   257 548;   126 845;   130 703;    206;;;;;;;;;
03354;Landkreis;Lüchow-Dannenberg;DE934;   1 227,32;   48 472;   23 701;   24 771;    39;;;;;;;;;
03355;Landkreis;Lüneburg;DE935;   1 327,80;   185 129;   90 292;   94 837;    139;;;;;;;;;
03356;Landkreis;Osterholz;DE936;    652,67;   115 054;   56 317;   58 737;    176;;;;;;;;;
03357;Landkreis;Rotenburg (Wümme);DE937;   2 074,77;   165 001;   82 752;   82 249;    80;;;;;;;;;
03358;Landkreis;Heidekreis;DE938;   1 881,46;   142 912;   71 543;   71 369;    76;;;;;;;;;
03359;Landkreis;Stade;DE939;   1 267,38;   206 496;   102 726;   103 770;    163;;;;;;;;;
03360;Landkreis;Uelzen;DE93A;   1 462,60;   92 894;   45 374;   47 520;    64;;;;;;;;;
03361;Landkreis;Verden;DE93B;    789,33;   138 507;   68 048;   70 459;    175;;;;;;;;;
034;Statistische Region Weser-Ems;;;;;;;;;;;;;;;;
03401;Kreisfreie Stadt;Delmenhorst, Stadt;DE941;    62,45;   77 522;   38 263;   39 259;   1 241;;;;;;;;;
03402;Kreisfreie Stadt;Emden, Stadt;DE942;    112,34;   49 523;   24 672;   24 851;    441;;;;;;;;;
03403;Kreisfreie Stadt;Oldenburg (Oldenburg), Stadt;DE943;    103,09;   170 389;   81 715;   88 674;   1 653;;;;;;;;;
03404;Kreisfreie Stadt;Osnabrück, Stadt;DE944;    119,80;   165 034;   79 834;   85 200;   1 378;;;;;;;;;
03405;Kreisfreie Stadt;Wilhelmshaven, Stadt;DE945;    107,11;   75 027;   36 856;   38 171;    700;;;;;;;;;
03451;Landkreis;Ammerland;DE946;    730,65;   126 475;   61 706;   64 769;    173;;;;;;;;;
03452;Landkreis;Aurich;DE947;   1 287,35;   190 425;   93 549;   96 876;    148;;;;;;;;;
03453;Landkreis;Cloppenburg;DE948;   1 420,34;   173 980;   88 060;   85 920;    122;;;;;;;;;
03454;Landkreis;Emsland;DE949;   2 883,67;   331 397;   168 010;   163 387;    115;;;;;;;;;
03455;Landkreis;Friesland;DE94A;    609,53;   98 971;   48 171;   50 800;    162;;;;;;;;;
03456;Landkreis;Grafschaft Bentheim;DE94B;    981,79;   138 722;   69 384;   69 338;    141;;;;;;;;;
03457;Landkreis;Leer;DE94C;   1 085,72;   172 421;   85 910;   86 511;    159;;;;;;;;;
03458;Landkreis;Oldenburg;DE94D;   1 064,82;   132 091;   65 542;   66 549;    124;;;;;;;;;
03459;Landkreis;Osnabrück;DE94E;   2 121,81;   361 550;   179 587;   181 963;    170;;;;;;;;;
03460;Landkreis;Vechta;DE94F;    814,21;   144 805;   73 010;   71 795;    178;;;;;;;;;
03461;Landkreis;Wesermarsch;DE94G;    824,78;   88 430;   44 226;   44 204;    107;;;;;;;;;
03462;Landkreis;Wittmund;DE94H;    656,86;   57 455;   28 138;   29 317;    87;;;;;;;;;
;;Insgesamt;;   47 709,89;  8 027 031;  3 962 947;  4 064 084;    168;;;;;;;;;
04;Bremen;;;;;;;;;;;;;;;;
04011;Kreisfreie Stadt;Bremen, Stadt;DE501;    317,84;   563 290;   278 085;   285 205;   1 772;;;;;;;;;
04012;Kreisfreie Stadt;Bremerhaven, Stadt;DE502;    101,53;   113 173;   56 234;   56 939;   1 115;;;;;;;;;
;;Insgesamt;;    419,37;   676 463;   334 319;   342 144;   1 613;;;;;;;;;
05;Nordrhein-Westfalen;;;;;;;;;;;;;;;;
051;Reg.-Bez. Düsseldorf;;;;;;;;;;;;;;;;
05111;Kreisfreie Stadt;Düsseldorf, Stadt;DEA11;    217,41;   619 477;   299 583;   319 894;   2 849;;;;;;;;;
05112;Kreisfreie Stadt;Duisburg, Stadt;DEA12;    232,79;   495 152;   244 716;   250 436;   2 127;;;;;;;;;
05113;Kreisfreie Stadt;Essen, Stadt;DEA13;    210,34;   579 432;   281 991;   297 441;   2 755;;;;;;;;;
05114;Kreisfreie Stadt;Krefeld, Stadt;DEA14;    137,78;   227 050;   110 842;   116 208;   1 648;;;;;;;;;
05116;Kreisfreie Stadt;Mönchengladbach, Stadt;DEA15;    170,47;   261 001;   128 999;   132 002;   1 531;;;;;;;;;
05117;Kreisfreie Stadt;Mülheim an der Ruhr, Stadt;DEA16;    91,28;   170 739;   82 415;   88 324;   1 870;;;;;;;;;
05119;Kreisfreie Stadt;Oberhausen, Stadt;DEA17;    77,09;   208 752;   102 310;   106 442;   2 708;;;;;;;;;
05120;Kreisfreie Stadt;Remscheid, Stadt;DEA18;    74,52;   111 770;   55 418;   56 352;   1 500;;;;;;;;;
05122;Kreisfreie Stadt;Solingen, Klingenstadt;DEA19;    89,54;   158 957;   77 260;   81 697;   1 775;;;;;;;;;
05124;Kreisfreie Stadt;Wuppertal, Stadt;DEA1A;    168,39;   354 572;   174 102;   180 470;   2 106;;;;;;;;;
05154;Kreis;Kleve;DEA1B;   1 232,99;   314 676;   156 754;   157 922;    255;;;;;;;;;
05158;Kreis;Mettmann;DEA1C;    407,22;   484 411;   233 965;   250 446;   1 190;;;;;;;;;
05162;Kreis;Rhein-Kreis Neuss;DEA1D;    576,44;   452 496;   219 835;   232 661;    785;;;;;;;;;
05166;Kreis;Viersen;DEA1E;    563,28;   298 761;   145 746;   153 015;    530;;;;;;;;;
05170;Kreis;Wesel;DEA1F;   1 042,80;   460 433;   224 189;   236 244;    442;;;;;;;;;
053;Reg.-Bez. Köln;;;;;;;;;;;;;;;;
05314;Kreisfreie Stadt;Bonn, Stadt;DEA22;    141,06;   331 885;   158 645;   173 240;   2 353;;;;;;;;;
05315;Kreisfreie Stadt;Köln, Stadt;DEA23;    405,01;  1 073 096;   521 939;   551 157;   2 650;;;;;;;;;
05316;Kreisfreie Stadt;Leverkusen, Stadt;DEA24;    78,87;   163 851;   79 886;   83 965;   2 077;;;;;;;;;
05334;Kreis;Städteregion Aachen;DEA2D;    706,91;   556 673;   281 248;   275 425;    787;;;;;;;;;
05358;Kreis;Düren;DEA26;    941,49;   266 771;   132 191;   134 580;    283;;;;;;;;;
05362;Kreis;Rhein-Erft-Kreis;DEA27;    704,71;   471 891;   230 041;   241 850;    670;;;;;;;;;
05366;Kreis;Euskirchen;DEA28;   1 248,73;   194 701;   96 123;   98 578;    156;;;;;;;;;
05370;Kreis;Heinsberg;DEA29;    627,91;   258 306;   127 883;   130 423;    411;;;;;;;;;
05374;Kreis;Oberbergischer Kreis;DEA2A;    918,85;   271 621;   133 578;   138 043;    296;;;;;;;;;
05378;Kreis;Rheinisch-Bergischer Kreis;DEA2B;    437,33;   283 429;   137 330;   146 099;    648;;;;;;;;;
05382;Kreis;Rhein-Sieg-Kreis;DEA2C;   1 153,21;   600 732;   294 092;   306 640;    521;;;;;;;;;
055;Reg.-Bez. Münster;;;;;;;;;;;;;;;;
05512;Kreisfreie Stadt;Bottrop, Stadt;DEA31;    100,62;   117 311;   57 069;   60 242;   1 166;;;;;;;;;
05513;Kreisfreie Stadt;Gelsenkirchen, Stadt;DEA32;    104,94;   260 126;   129 271;   130 855;   2 479;;;;;;;;;
05515;Kreisfreie Stadt;Münster, Stadt;DEA33;    303,28;   317 713;   152 515;   165 198;   1 048;;;;;;;;;
05554;Kreis;Borken;DEA34;   1 420,98;   373 582;   186 654;   186 928;    263;;;;;;;;;
05558;Kreis;Coesfeld;DEA35;   1 112,04;   221 352;   109 210;   112 142;    199;;;;;;;;;
05562;Kreis;Recklinghausen;DEA36;    761,48;   612 801;   298 416;   314 385;    805;;;;;;;;;
05566;Kreis;Steinfurt;DEA37;   1 795,75;   450 176;   223 922;   226 254;    251;;;;;;;;;
05570;Kreis;Warendorf;DEA38;   1 319,42;   278 176;   137 425;   140 751;    211;;;;;;;;;
057;Reg.-Bez. Detmold;;;;;;;;;;;;;;;;
05711;Kreisfreie Stadt;Bielefeld, Stadt;DEA41;    258,83;   334 002;   161 237;   172 765;   1 290;;;;;;;;;
05754;Kreis;Gütersloh;DEA42;    969,21;   366 104;   182 673;   183 431;    378;;;;;;;;;
05758;Kreis;Herford;DEA43;    450,39;   250 635;   123 333;   127 302;    556;;;;;;;;;
05762;Kreis;Höxter;DEA44;   1 201,42;   139 994;   69 732;   70 262;    117;;;;;;;;;
05766;Kreis;Lippe;DEA45;   1 246,21;   346 151;   169 938;   176 213;    278;;;;;;;;;
05770;Kreis;Minden-Lübbecke;DEA46;   1 152,42;   311 214;   153 899;   157 315;    270;;;;;;;;;
05774;Kreis;Paderborn;DEA47;   1 246,80;   309 380;   154 965;   154 415;    248;;;;;;;;;
059;Reg.-Bez. Arnsberg;;;;;;;;;;;;;;;;
05911;Kreisfreie Stadt;Bochum, Stadt;DEA51;    145,66;   363 441;   177 516;   185 925;   2 495;;;;;;;;;
05913;Kreisfreie Stadt;Dortmund, Stadt;DEA52;    280,71;   586 852;   288 580;   298 272;   2 091;;;;;;;;;
05914;Kreisfreie Stadt;Hagen, Stadt der FernUniversität;DEA53;    160,45;   188 713;   92 373;   96 340;   1 176;;;;;;;;;
05915;Kreisfreie Stadt;Hamm, Stadt;DEA54;    226,42;   179 238;   88 334;   90 904;    792;;;;;;;;;
05916;Kreisfreie Stadt;Herne, Stadt;DEA55;    51,42;   156 621;   76 846;   79 775;   3 046;;;;;;;;;
05954;Kreis;Ennepe-Ruhr-Kreis;DEA56;    409,64;   322 143;   156 443;   165 700;    786;;;;;;;;;
05958;Kreis;Hochsauerlandkreis;DEA57;   1 960,17;   258 615;   129 177;   129 438;    132;;;;;;;;;
05962;Kreis;Märkischer Kreis;DEA58;   1 061,09;   406 793;   200 171;   206 622;    383;;;;;;;;;
05966;Kreis;Olpe;DEA59;    712,11;   133 120;   66 636;   66 484;    187;;;;;;;;;
05970;Kreis;Siegen-Wittgenstein;DEA5A;   1 132,89;   274 342;   136 324;   138 018;    242;;;;;;;;;
05974;Kreis;Soest;DEA5B;   1 328,63;   302 298;   150 239;   152 059;    228;;;;;;;;;
05978;Kreis;Unna;DEA5C;    543,21;   393 063;   191 554;   201 509;    724;;;;;;;;;
;;Insgesamt;;   34 112,61;  17 924 591;  8 795 533;  9 129 058;    525;;;;;;;;;
06;Hessen;;;;;;;;;;;;;;;;
064;Reg.-Bez. Darmstadt;;;;;;;;;;;;;;;;
06411;Kreisfreie Stadt;Darmstadt, Wissenschaftsstadt;DE711;    122,07;   159 631;   81 251;   78 380;   1 308;;;;;;;;;
06412;Kreisfreie Stadt;Frankfurt am Main, Stadt;DE712;    248,31;   759 224;   374 525;   384 699;   3 058;;;;;;;;;
06413;Kreisfreie Stadt;Offenbach am Main, Stadt;DE713;    44,88;   131 295;   65 222;   66 073;   2 925;;;;;;;;;
06414;Kreisfreie Stadt;Wiesbaden, Landeshauptstadt;DE714;    203,87;   278 950;   133 538;   145 412;   1 368;;;;;;;;;
06431;Landkreis;Bergstraße;DE715;    719,47;   271 166;   133 915;   137 251;    377;;;;;;;;;
06432;Landkreis;Darmstadt-Dieburg;DE716;    658,64;   296 900;   147 308;   149 592;    451;;;;;;;;;
06433;Landkreis;Groß-Gerau;DE717;    453,03;   276 307;   138 390;   137 917;    610;;;;;;;;;
06434;Landkreis;Hochtaunuskreis;DE718;    481,84;   237 041;   114 959;   122 082;    492;;;;;;;;;
06435;Landkreis;Main-Kinzig-Kreis;DE719;   1 397,32;   423 465;   208 904;   214 561;    303;;;;;;;;;
06436;Landkreis;Main-Taunus-Kreis;DE71A;    222,53;   239 276;   117 236;   122 040;   1 075;;;;;;;;;
06437;Landkreis;Odenwaldkreis;DE71B;    623,97;   96 953;   47 911;   49 042;    155;;;;;;;;;
06438;Landkreis;Offenbach;DE71C;    356,24;   357 466;   176 079;   181 387;   1 003;;;;;;;;;
06439;Landkreis;Rheingau-Taunus-Kreis;DE71D;    811,41;   187 229;   91 919;   95 310;    231;;;;;;;;;
06440;Landkreis;Wetteraukreis;DE71E;   1 100,66;   311 661;   154 192;   157 469;    283;;;;;;;;;
065;Reg.-Bez. Gießen;;;;;;;;;;;;;;;;
06531;Landkreis;Gießen;DE721;    854,56;   272 874;   134 692;   138 182;    319;;;;;;;;;
06532;Landkreis;Lahn-Dill-Kreis;DE722;   1 066,30;   253 364;   124 887;   128 477;    238;;;;;;;;;
06533;Landkreis;Limburg-Weilburg;DE723;    738,44;   172 759;   85 786;   86 973;    234;;;;;;;;;
06534;Landkreis;Marburg-Biedenkopf;DE724;   1 262,37;   246 097;   120 944;   125 153;    195;;;;;;;;;
06535;Landkreis;Vogelsbergkreis;DE725;   1 458,91;   105 671;   52 744;   52 927;    72;;;;;;;;;
066;Reg.-Bez. Kassel;;;;;;;;;;;;;;;;
06611;Kreisfreie Stadt;Kassel, documenta-Stadt;DE731;    106,79;   200 406;   98 639;   101 767;   1 877;;;;;;;;;
06631;Landkreis;Fulda;DE732;   1 380,41;   223 572;   111 181;   112 391;    162;;;;;;;;;
06632;Landkreis;Hersfeld-Rotenburg;DE733;   1 097,75;   120 163;   60 242;   59 921;    109;;;;;;;;;
06633;Landkreis;Kassel;DE734;   1 293,31;   237 268;   116 452;   120 816;    183;;;;;;;;;
06634;Landkreis;Schwalm-Eder-Kreis;DE735;   1 539,01;   180 052;   90 256;   89 796;    117;;;;;;;;;
06635;Landkreis;Waldeck-Frankenberg;DE736;   1 848,70;   156 513;   78 038;   78 475;    85;;;;;;;;;
06636;Landkreis;Werra-Meißner-Kreis;DE737;   1 024,83;   99 714;   49 379;   50 335;    97;;;;;;;;;
;;Insgesamt;;   21 115,62;  6 295 017;  3 108 589;  3 186 428;    298;;;;;;;;;
07;Rheinland-Pfalz;;;;;;;;;;;;;;;;
071;früher: Reg.-Bez. Koblenz;;;;;;;;;;;;;;;;
07111;Kreisfreie Stadt;Koblenz, kreisfreie Stadt;DEB11;    105,25;   113 638;   55 693;   57 945;   1 080;;;;;;;;;
07131;Landkreis;Ahrweiler;DEB12;    787,03;   128 146;   63 298;   64 848;    163;;;;;;;;;
07132;Landkreis;Altenkirchen (Westerwald);DEB13;    642,38;   129 261;   64 066;   65 195;    201;;;;;;;;;
07133;Landkreis;Bad Kreuznach;DEB14;    863,89;   159 402;   77 861;   81 541;    185;;;;;;;;;
07134;Landkreis;Birkenfeld;DEB15;    776,83;   80 849;   40 113;   40 736;    104;;;;;;;;;
07135;Landkreis;Cochem-Zell;DEB1C;    692,43;   61 735;   30 994;   30 741;    89;;;;;;;;;
07137;Landkreis;Mayen-Koblenz;DEB17;    817,73;   215 446;   106 524;   108 922;    263;;;;;;;;;
07138;Landkreis;Neuwied;DEB18;    627,06;   184 390;   90 902;   93 488;    294;;;;;;;;;
07140;Landkreis;Rhein-Hunsrück-Kreis;DEB1D;    991,06;   103 767;   51 609;   52 158;    105;;;;;;;;;
07141;Landkreis;Rhein-Lahn-Kreis;DEB1A;    782,24;   122 724;   60 745;   61 979;    157;;;;;;;;;
07143;Landkreis;Westerwaldkreis;DEB1B;    989,04;   203 831;   101 116;   102 715;    206;;;;;;;;;
072;früher: Reg.-Bez. Trier;;;;;;;;;;;;;;;;
07211;Kreisfreie Stadt;Trier, kreisfreie Stadt;DEB21;    117,06;   110 570;   54 662;   55 908;    945;;;;;;;;;
07231;Landkreis;Bernkastel-Wittlich;DEB22;   1 167,92;   113 194;   56 675;   56 519;    97;;;;;;;;;
07232;Landkreis;Eifelkreis Bitburg-Prüm;DEB23;   1 626,95;   100 959;   50 949;   50 010;    62;;;;;;;;;
07233;Landkreis;Vulkaneifel;DEB24;    911,64;   60 882;   30 495;   30 387;    67;;;;;;;;;
07235;Landkreis;Trier-Saarburg;DEB25;   1 102,26;   151 167;   74 938;   76 229;    137;;;;;;;;;
073;früher: Reg.-Bez. Rheinhessen-Pfalz;;;;;;;;;;;;;;;;
07311;Kreisfreie Stadt;Frankenthal (Pfalz), kreisfreie Stadt;DEB31;    43,88;   48 773;   23 878;   24 895;   1 112;;;;;;;;;
07312;Kreisfreie Stadt;Kaiserslautern, kreisfreie Stadt;DEB32;    139,70;   99 292;   50 082;   49 210;    711;;;;;;;;;
07313;Kreisfreie Stadt;Landau in der Pfalz, kreisfreie Stadt;DEB33;    82,94;   46 919;   22 379;   24 540;    566;;;;;;;;;
07314;Kreisfreie Stadt;Ludwigshafen am Rhein, kreisfreie Stadt;DEB34;    77,43;   172 145;   86 378;   85 767;   2 223;;;;;;;;;
07315;Kreisfreie Stadt;Mainz, kreisfreie Stadt;DEB35;    97,73;   217 556;   106 014;   111 542;   2 226;;;;;;;;;
07316;Kreisfreie Stadt;Neustadt an der Weinstraße, kreisfreie Stadt;DEB36;    117,09;   53 491;   26 135;   27 356;    457;;;;;;;;;
07317;Kreisfreie Stadt;Pirmasens, kreisfreie Stadt;DEB37;    61,35;   40 054;   19 628;   20 426;    653;;;;;;;;;
07318;Kreisfreie Stadt;Speyer, kreisfreie Stadt;DEB38;    42,71;   50 565;   24 519;   26 046;   1 184;;;;;;;;;
07319;Kreisfreie Stadt;Worms, kreisfreie Stadt;DEB39;    108,73;   83 850;   41 594;   42 256;    771;;;;;;;;;
07320;Kreisfreie Stadt;Zweibrücken, kreisfreie Stadt;DEB3A;    70,64;   34 091;   16 888;   17 203;    483;;;;;;;;;
07331;Landkreis;Alzey-Worms;DEB3B;    588,07;   131 330;   65 224;   66 106;    223;;;;;;;;;
07332;Landkreis;Bad Dürkheim;DEB3C;    594,64;   133 206;   65 122;   68 084;    224;;;;;;;;;
07333;Landkreis;Donnersbergkreis;DEB3D;    645,41;   75 569;   37 418;   38 151;    117;;;;;;;;;
07334;Landkreis;Germersheim;DEB3E;    463,32;   129 313;   64 327;   64 986;    279;;;;;;;;;
07335;Landkreis;Kaiserslautern;DEB3F;    640,00;   106 853;   52 537;   54 316;    167;;;;;;;;;
07336;Landkreis;Kusel;DEB3G;    573,61;   69 949;   34 714;   35 235;    122;;;;;;;;;
07337;Landkreis;Südliche Weinstraße;DEB3H;    639,93;   111 279;   54 838;   56 441;    174;;;;;;;;;
07338;Landkreis;Rhein-Pfalz-Kreis;DEB3I;    304,99;   155 050;   76 418;   78 632;    508;;;;;;;;;
07339;Landkreis;Mainz-Bingen;DEB3J;    605,33;   212 420;   104 837;   107 583;    351;;;;;;;;;
07340;Landkreis;Südwestpfalz;DEB3K;    953,53;   94 819;   46 753;   48 066;    99;;;;;;;;;
;;Insgesamt;;   19 851,80;  4 106 485;  2 030 323;  2 076 162;    207;;;;;;;;;
08;Baden-Württemberg;;;;;;;;;;;;;;;;
081;Reg.-Bez. Stuttgart;;;;;;;;;;;;;;;;
0811;Region Stuttgart;;;;;;;;;;;;;;;;
08111;Stadtkreis;Stuttgart, Stadtkreis;DE111;    207,33;   626 275;   312 886;   313 389;   3 021;;;;;;;;;
08115;Landkreis;Böblingen;DE112;    617,76;   393 195;   195 513;   197 682;    636;;;;;;;;;
08116;Landkreis;Esslingen;DE113;    641,28;   533 388;   266 348;   267 040;    832;;;;;;;;;
08117;Landkreis;Göppingen;DE114;    642,34;   259 046;   128 916;   130 130;    403;;;;;;;;;
08118;Landkreis;Ludwigsburg;DE115;    686,77;   544 679;   270 057;   274 622;    793;;;;;;;;;
08119;Landkreis;Rems-Murr-Kreis;DE116;    858,08;   427 316;   211 185;   216 131;    498;;;;;;;;;
0812;Region Heilbronn-Franken;;;;;;;;;;;;;;;;
08121;Stadtkreis;Heilbronn, Stadtkreis;DE117;    99,89;   125 613;   63 138;   62 475;   1 258;;;;;;;;;
08125;Landkreis;Heilbronn;DE118;   1 099,91;   347 798;   174 514;   173 284;    316;;;;;;;;;
08126;Landkreis;Hohenlohekreis;DE119;    776,76;   113 318;   57 184;   56 134;    146;;;;;;;;;
08127;Landkreis;Schwäbisch Hall;DE11A;   1 484,07;   199 398;   100 206;   99 192;    134;;;;;;;;;
08128;Landkreis;Main-Tauber-Kreis;DE11B;   1 304,12;   132 956;   66 403;   66 553;    102;;;;;;;;;
0813;Region Ostwürttemberg;;;;;;;;;;;;;;;;
08135;Landkreis;Heidenheim;DE11C;    627,14;   132 958;   66 273;   66 685;    212;;;;;;;;;
08136;Landkreis;Ostalbkreis;DE11D;   1 511,39;   315 009;   156 818;   158 191;    208;;;;;;;;;
082;Reg.-Bez. Karlsruhe;;;;;;;;;;;;;;;;
0821;Region Mittlerer Oberrhein;;;;;;;;;;;;;;;;
08211;Stadtkreis;Baden-Baden, Stadtkreis;DE121;    140,19;   55 527;   26 715;   28 812;    396;;;;;;;;;
08212;Stadtkreis;Karlsruhe, Stadtkreis;DE122;    173,42;   306 502;   156 807;   149 695;   1 767;;;;;;;;;
08215;Landkreis;Karlsruhe;DE123;   1 084,98;   448 487;   223 284;   225 203;    413;;;;;;;;;
08216;Landkreis;Rastatt;DE124;    738,43;   232 296;   115 408;   116 888;    315;;;;;;;;;
0822;Region Rhein-Neckar-Odenwald;;;;;;;;;;;;;;;;
08221;Stadtkreis;Heidelberg, Stadtkreis;DE125;    108,83;   159 245;   76 316;   82 929;   1 463;;;;;;;;;
08222;Stadtkreis;Mannheim, Stadtkreis;DE126;    144,97;   311 831;   155 561;   156 270;   2 151;;;;;;;;;
08225;Landkreis;Neckar-Odenwald-Kreis;DE127;   1 125,95;   143 929;   72 230;   71 699;    128;;;;;;;;;
08226;Landkreis;Rhein-Neckar-Kreis;DE128;   1 061,55;   549 030;   269 753;   279 277;    517;;;;;;;;;
0823;Region Nordschwarzwald;;;;;;;;;;;;;;;;
08231;Stadtkreis;Pforzheim, Stadtkreis;DE129;    97,99;   125 529;   61 855;   63 674;   1 281;;;;;;;;;
08235;Landkreis;Calw;DE12A;    797,29;   160 686;   80 687;   79 999;    202;;;;;;;;;
08236;Landkreis;Enzkreis;DE12B;    573,60;   200 237;   99 211;   101 026;    349;;;;;;;;;
08237;Landkreis;Freudenstadt;DE12C;    870,40;   119 183;   59 539;   59 644;    137;;;;;;;;;
083;Reg.-Bez. Freiburg;;;;;;;;;;;;;;;;
0831;Region Südlicher Oberrhein;;;;;;;;;;;;;;;;
08311;Stadtkreis;Freiburg im Breisgau, Stadtkreis;DE131;    153,04;   231 848;   110 660;   121 188;   1 515;;;;;;;;;
08315;Landkreis;Breisgau-Hochschwarzwald;DE132;   1 378,32;   265 792;   131 044;   134 748;    193;;;;;;;;;
08316;Landkreis;Emmendingen;DE133;    679,80;   167 945;   83 146;   84 799;    247;;;;;;;;;
08317;Landkreis;Ortenaukreis;DE134;   1 860,29;   434 535;   216 889;   217 646;    234;;;;;;;;;
0832;Region Schwarzwald-Baar-Heuberg;;;;;;;;;;;;;;;;
08325;Landkreis;Rottweil;DE135;    769,42;   140 446;   70 361;   70 085;    183;;;;;;;;;
08326;Landkreis;Schwarzwald-Baar-Kreis;DE136;   1 025,34;   213 385;   105 679;   107 706;    208;;;;;;;;;
08327;Landkreis;Tuttlingen;DE137;    734,38;   142 414;   71 732;   70 682;    194;;;;;;;;;
0833;Region Hochrhein-Bodensee;;;;;;;;;;;;;;;;
08335;Landkreis;Konstanz;DE138;    817,98;   288 097;   139 966;   148 131;    352;;;;;;;;;
08336;Landkreis;Lörrach;DE139;    806,66;   229 445;   112 631;   116 814;    284;;;;;;;;;
08337;Landkreis;Waldshut;DE13A;   1 131,15;   171 249;   84 942;   86 307;    151;;;;;;;;;
084;Reg.-Bez. Tübingen;;;;;;;;;;;;;;;;
0841;Region Neckar-Alb;;;;;;;;;;;;;;;;
08415;Landkreis;Reutlingen;DE141;   1 092,48;   288 158;   142 900;   145 258;    264;;;;;;;;;
08416;Landkreis;Tübingen;DE142;    519,11;   229 806;   111 879;   117 927;    443;;;;;;;;;
08417;Landkreis;Zollernalbkreis;DE143;    917,58;   190 545;   94 483;   96 062;    208;;;;;;;;;
0842;Region Donau-Iller;;;;;;;;;;;;;;;;
08421;Stadtkreis;Ulm, Stadtkreis;DE144;    118,68;   126 949;   62 943;   64 006;   1 070;;;;;;;;;
08425;Landkreis;Alb-Donau-Kreis;DE145;   1 358,55;   199 732;   100 725;   99 007;    147;;;;;;;;;
08426;Landkreis;Biberach;DE146;   1 409,53;   203 244;   102 385;   100 859;    144;;;;;;;;;
0843;Region Bodensee-Oberschwaben;;;;;;;;;;;;;;;;
08435;Landkreis;Bodenseekreis;DE147;    664,77;   218 885;   107 741;   111 144;    329;;;;;;;;;
08436;Landkreis;Ravensburg;DE148;   1 632,08;   287 011;   143 027;   143 984;    176;;;;;;;;;
08437;Landkreis;Sigmaringen;DE149;   1 204,23;   131 725;   66 170;   65 555;    109;;;;;;;;;
;;Insgesamt;;   35 747,83;  11 124 642;  5 526 110;  5 598 532;    311;;;;;;;;;
09;Bayern;;;;;;;;;;;;;;;;
091;Reg.-Bez. Oberbayern;;;;;;;;;;;;;;;;
09161;Kreisfreie Stadt;Ingolstadt;DE211;    133,35;   138 016;   69 858;   68 158;   1 035;;;;;;;;;
09162;Kreisfreie Stadt;München, Landeshauptstadt;DE212;    310,70;  1 487 708;   725 594;   762 114;   4 788;;;;;;;;;
09163;Kreisfreie Stadt;Rosenheim;DE213;    37,22;   63 508;   31 438;   32 070;   1 706;;;;;;;;;
09171;Landkreis;Altötting;DE214;    569,28;   112 116;   55 429;   56 687;    197;;;;;;;;;
09172;Landkreis;Berchtesgadener Land;DE215;    839,82;   106 389;   52 425;   53 964;    127;;;;;;;;;
09173;Landkreis;Bad Tölz-Wolfratshausen;DE216;   1 110,67;   127 919;   63 112;   64 807;    115;;;;;;;;;
09174;Landkreis;Dachau;DE217;    579,16;   155 449;   77 545;   77 904;    268;;;;;;;;;
09175;Landkreis;Ebersberg;DE218;    549,39;   144 562;   72 179;   72 383;    263;;;;;;;;;
09176;Landkreis;Eichstätt;DE219;   1 213,85;   133 634;   67 599;   66 035;    110;;;;;;;;;
09177;Landkreis;Erding;DE21A;    870,74;   139 622;   70 223;   69 399;    160;;;;;;;;;
09178;Landkreis;Freising;DE21B;    799,85;   181 144;   92 520;   88 624;    226;;;;;;;;;
09179;Landkreis;Fürstenfeldbruck;DE21C;    434,80;   218 579;   107 330;   111 249;    503;;;;;;;;;
09180;Landkreis;Garmisch-Partenkirchen;DE21D;   1 012,17;   88 232;   42 733;   45 499;    87;;;;;;;;;
09181;Landkreis;Landsberg am Lech;DE21E;    804,36;   121 466;   60 572;   60 894;    151;;;;;;;;;
09182;Landkreis;Miesbach;DE21F;    866,21;   99 978;   48 892;   51 086;    115;;;;;;;;;
09183;Landkreis;Mühldorf a.Inn;DE21G;    805,33;   117 606;   59 484;   58 122;    146;;;;;;;;;
09184;Landkreis;München;DE21H;    664,25;   349 837;   173 610;   176 227;    527;;;;;;;;;
09185;Landkreis;Neuburg-Schrobenhausen;DE21I;    739,71;   98 503;   49 541;   48 962;    133;;;;;;;;;
09186;Landkreis;Pfaffenhofen a.d.Ilm;DE21J;    761,05;   129 772;   65 711;   64 061;    171;;;;;;;;;
09187;Landkreis;Rosenheim;DE21K;   1 439,44;   263 367;   130 304;   133 063;    183;;;;;;;;;
09188;Landkreis;Starnberg;DE21L;    487,71;   136 747;   66 184;   70 563;    280;;;;;;;;;
09189;Landkreis;Traunstein;DE21M;   1 533,76;   178 447;   88 061;   90 386;    116;;;;;;;;;
09190;Landkreis;Weilheim-Schongau;DE21N;    966,28;   136 642;   67 701;   68 941;    141;;;;;;;;;
092;Reg.-Bez. Niederbayern;;;;;;;;;;;;;;;;
09261;Kreisfreie Stadt;Landshut;DE221;    65,83;   73 150;   35 715;   37 435;   1 111;;;;;;;;;
09262;Kreisfreie Stadt;Passau;DE222;    69,56;   53 093;   25 869;   27 224;    763;;;;;;;;;
09263;Kreisfreie Stadt;Straubing;DE223;    67,59;   47 854;   24 084;   23 770;    708;;;;;;;;;
09271;Landkreis;Deggendorf;DE224;    861,17;   120 521;   60 544;   59 977;    140;;;;;;;;;
09272;Landkreis;Freyung-Grafenau;DE225;    983,85;   78 632;   39 190;   39 442;    80;;;;;;;;;
09273;Landkreis;Kelheim;DE226;   1 065,13;   123 899;   62 610;   61 289;    116;;;;;;;;;
09274;Landkreis;Landshut;DE227;   1 347,55;   162 331;   81 932;   80 399;    120;;;;;;;;;
09275;Landkreis;Passau;DE228;   1 530,09;   194 090;   96 442;   97 648;    127;;;;;;;;;
09276;Landkreis;Regen;DE229;    974,78;   77 176;   38 539;   38 637;    79;;;;;;;;;
09277;Landkreis;Rottal-Inn;DE22A;   1 281,20;   122 252;   61 352;   60 900;    95;;;;;;;;;
09278;Landkreis;Straubing-Bogen;DE22B;   1 201,61;   102 398;   51 417;   50 981;    85;;;;;;;;;
09279;Landkreis;Dingolfing-Landau;DE22C;    877,58;   98 045;   50 219;   47 826;    112;;;;;;;;;
093;Reg.-Bez. Oberpfalz;;;;;;;;;;;;;;;;
09361;Kreisfreie Stadt;Amberg;DE231;    50,13;   41 994;   20 725;   21 269;    838;;;;;;;;;
09362;Kreisfreie Stadt;Regensburg;DE232;    80,86;   153 542;   74 784;   78 758;   1 899;;;;;;;;;
09363;Kreisfreie Stadt;Weiden i.d.OPf.;DE233;    70,57;   42 472;   20 556;   21 916;    602;;;;;;;;;
09371;Landkreis;Amberg-Sulzbach;DE234;   1 255,86;   103 277;   51 795;   51 482;    82;;;;;;;;;
09372;Landkreis;Cham;DE235;   1 526,82;   128 444;   64 549;   63 895;    84;;;;;;;;;
09373;Landkreis;Neumarkt i.d.OPf.;DE236;   1 343,96;   136 062;   68 857;   67 205;    101;;;;;;;;;
09374;Landkreis;Neustadt a.d.Waldnaab;DE237;   1 427,69;   94 838;   47 235;   47 603;    66;;;;;;;;;
09375;Landkreis;Regensburg;DE238;   1 391,65;   195 225;   97 630;   97 595;    140;;;;;;;;;
09376;Landkreis;Schwandorf;DE239;   1 458,34;   149 239;   75 024;   74 215;    102;;;;;;;;;
09377;Landkreis;Tirschenreuth;DE23A;   1 084,25;   71 648;   35 674;   35 974;    66;;;;;;;;;
094;Reg.-Bez. Oberfranken;;;;;;;;;;;;;;;;
09461;Kreisfreie Stadt;Bamberg;DE241;    54,62;   77 749;   37 702;   40 047;   1 423;;;;;;;;;
09462;Kreisfreie Stadt;Bayreuth;DE242;    66,89;   73 909;   36 307;   37 602;   1 105;;;;;;;;;
09463;Kreisfreie Stadt;Coburg;DE243;    48,29;   40 955;   19 896;   21 059;    848;;;;;;;;;
09464;Kreisfreie Stadt;Hof;DE244;    58,02;   45 125;   21 847;   23 278;    778;;;;;;;;;
09471;Landkreis;Bamberg;DE245;   1 167,79;   147 697;   73 984;   73 713;    126;;;;;;;;;
09472;Landkreis;Bayreuth;DE246;   1 273,62;   103 648;   51 423;   52 225;    81;;;;;;;;;
09473;Landkreis;Coburg;DE247;    590,42;   86 544;   42 781;   43 763;    147;;;;;;;;;
09474;Landkreis;Forchheim;DE248;    642,82;   116 753;   57 917;   58 836;    182;;;;;;;;;
09475;Landkreis;Hof;DE249;    892,52;   93 907;   46 017;   47 890;    105;;;;;;;;;
09476;Landkreis;Kronach;DE24A;    651,49;   66 091;   32 676;   33 415;    101;;;;;;;;;
09477;Landkreis;Kulmbach;DE24B;    658,33;   71 328;   35 111;   36 217;    108;;;;;;;;;
09478;Landkreis;Lichtenfels;DE24C;    519,94;   66 741;   32 949;   33 792;    128;;;;;;;;;
09479;Landkreis;Wunsiedel i.Fichtelgebirge;DE24D;    606,37;   71 482;   34 955;   36 527;    118;;;;;;;;;
095;Reg.-Bez. Mittelfranken;;;;;;;;;;;;;;;;
09561;Kreisfreie Stadt;Ansbach;DE251;    99,91;   41 662;   19 946;   21 716;    417;;;;;;;;;
09562;Kreisfreie Stadt;Erlangen;DE252;    76,96;   113 292;   56 520;   56 772;   1 472;;;;;;;;;
09563;Kreisfreie Stadt;Fürth;DE253;    63,35;   129 122;   63 224;   65 898;   2 038;;;;;;;;;
09564;Kreisfreie Stadt;Nürnberg;DE254;    186,44;   510 632;   249 546;   261 086;   2 739;;;;;;;;;
09565;Kreisfreie Stadt;Schwabach;DE255;    40,80;   41 146;   20 207;   20 939;   1 008;;;;;;;;;
09571;Landkreis;Ansbach;DE256;   1 971,32;   186 279;   93 562;   92 717;    94;;;;;;;;;
09572;Landkreis;Erlangen-Höchstadt;DE257;    564,55;   139 323;   69 214;   70 109;    247;;;;;;;;;
09573;Landkreis;Fürth;DE258;    307,44;   119 432;   58 211;   61 221;    388;;;;;;;;;
09574;Landkreis;Nürnberger Land;DE259;    799,52;   171 424;   84 391;   87 033;    214;;;;;;;;;
09575;Landkreis;Neustadt a.d.Aisch-Bad Windsheim;DE25A;   1 267,45;   101 788;   51 017;   50 771;    80;;;;;;;;;
09576;Landkreis;Roth;DE25B;    895,16;   127 520;   63 240;   64 280;    142;;;;;;;;;
09577;Landkreis;Weißenburg-Gunzenhausen;DE25C;    970,78;   95 523;   47 641;   47 882;    98;;;;;;;;;
096;Reg.-Bez. Unterfranken;;;;;;;;;;;;;;;;
09661;Kreisfreie Stadt;Aschaffenburg;DE261;    62,45;   71 381;   34 822;   36 559;   1 143;;;;;;;;;
09662;Kreisfreie Stadt;Schweinfurt;DE262;    35,70;   53 585;   26 451;   27 134;   1 501;;;;;;;;;
09663;Kreisfreie Stadt;Würzburg;DE263;    87,60;   126 933;   60 749;   66 184;   1 449;;;;;;;;;
09671;Landkreis;Aschaffenburg;DE264;    698,90;   174 965;   86 790;   88 175;    250;;;;;;;;;
09672;Landkreis;Bad Kissingen;DE265;   1 136,90;   103 454;   50 987;   52 467;    91;;;;;;;;;
09673;Landkreis;Rhön-Grabfeld;DE266;   1 021,68;   79 376;   39 486;   39 890;    78;;;;;;;;;
09674;Landkreis;Haßberge;DE267;    956,19;   84 284;   42 287;   41 997;    88;;;;;;;;;
09675;Landkreis;Kitzingen;DE268;    684,14;   91 980;   46 286;   45 694;    134;;;;;;;;;
09676;Landkreis;Miltenberg;DE269;    715,58;   128 782;   64 051;   64 731;    180;;;;;;;;;
09677;Landkreis;Main-Spessart;DE26A;   1 321,20;   126 105;   62 873;   63 232;    95;;;;;;;;;
09678;Landkreis;Schweinfurt;DE26B;    841,39;   116 134;   58 345;   57 789;    138;;;;;;;;;
09679;Landkreis;Würzburg;DE26C;    968,35;   163 534;   81 233;   82 301;    169;;;;;;;;;
097;Reg.-Bez. Schwaben;;;;;;;;;;;;;;;;
09761;Kreisfreie Stadt;Augsburg;DE271;    146,85;   296 478;   146 234;   150 244;   2 019;;;;;;;;;
09762;Kreisfreie Stadt;Kaufbeuren;DE272;    40,02;   45 118;   22 229;   22 889;   1 127;;;;;;;;;
09763;Kreisfreie Stadt;Kempten (Allgäu);DE273;    63,28;   69 053;   34 240;   34 813;   1 091;;;;;;;;;
09764;Kreisfreie Stadt;Memmingen;DE274;    70,11;   44 721;   22 195;   22 526;    638;;;;;;;;;
09771;Landkreis;Aichach-Friedberg;DE275;    780,23;   135 538;   67 418;   68 120;    174;;;;;;;;;
09772;Landkreis;Augsburg;DE276;   1 070,63;   257 790;   127 849;   129 941;    241;;;;;;;;;
09773;Landkreis;Dillingen a.d.Donau;DE277;    792,23;   97 985;   49 123;   48 862;    124;;;;;;;;;
09774;Landkreis;Günzburg;DE278;    762,40;   128 436;   64 872;   63 564;    168;;;;;;;;;
09775;Landkreis;Neu-Ulm;DE279;    515,84;   177 330;   88 007;   89 323;    344;;;;;;;;;
09776;Landkreis;Lindau (Bodensee);DE27A;    323,39;   82 330;   40 613;   41 717;    255;;;;;;;;;
09777;Landkreis;Ostallgäu;DE27B;   1 394,43;   143 236;   71 432;   71 804;    103;;;;;;;;;
09778;Landkreis;Unterallgäu;DE27C;   1 229,57;   147 776;   74 634;   73 142;    120;;;;;;;;;
09779;Landkreis;Donau-Ries;DE27D;   1 274,57;   134 986;   68 516;   66 470;    106;;;;;;;;;
09780;Landkreis;Oberallgäu;DE27E;   1 527,97;   157 202;   77 429;   79 773;    103;;;;;;;;;
;;Insgesamt;;   70 541,57;  13 176 989;  6 532 222;  6 644 767;    187;;;;;;;;;
10;Saarland;;;;;;;;;;;;;;;;
10041;Regionalverband;Regionalverband Saarbrücken;DEC01;    410,95;   327 284;   161 143;   166 141;    796;;;;;;;;;
10042;Landkreis;Merzig-Wadern;DEC02;    556,66;   103 426;   51 089;   52 337;    186;;;;;;;;;
10043;Landkreis;Neunkirchen;DEC03;    249,80;   130 847;   64 423;   66 424;    524;;;;;;;;;
10044;Landkreis;Saarlouis;DEC04;    459,35;   193 661;   94 857;   98 804;    422;;;;;;;;;
10045;Landkreis;Saarpfalz-Kreis;DEC05;    418,28;   140 960;   68 529;   72 431;    337;;;;;;;;;
10046;Landkreis;St. Wendel;DEC06;    476,48;   86 170;   42 398;   43 772;    181;;;;;;;;;
;;Insgesamt;;   2 571,52;   982 348;   482 439;   499 909;    382;;;;;;;;;
11;Berlin;;;;;;;;;;;;;;;;
11000;Kreisfreie Stadt;Berlin, Stadt;DE300;    891,12;  3 677 472;  1 807 826;  1 869 646;   4 127;;;;;;;;;
12;Brandenburg;;;;;;;;;;;;;;;;
12051;Kreisfreie Stadt;Brandenburg an der Havel, Stadt;DE401;    229,72;   72 461;   35 635;   36 826;    315;;;;;;;;;
12052;Kreisfreie Stadt;Cottbus, Stadt;DE402;    165,62;   98 359;   48 184;   50 175;    594;;;;;;;;;
12053;Kreisfreie Stadt;Frankfurt (Oder), Stadt;DE403;    147,85;   56 679;   27 482;   29 197;    383;;;;;;;;;
12054;Kreisfreie Stadt;Potsdam, Stadt;DE404;    188,24;   183 154;   88 443;   94 711;    973;;;;;;;;;
12060;Landkreis;Barnim;DE405;   1 479,58;   188 835;   93 344;   95 491;    128;;;;;;;;;
12061;Landkreis;Dahme-Spreewald;DE406;   2 274,50;   175 834;   87 089;   88 745;    77;;;;;;;;;
12062;Landkreis;Elbe-Elster;DE407;   1 899,20;   100 317;   49 675;   50 642;    53;;;;;;;;;
12063;Landkreis;Havelland;DE408;   1 727,31;   165 906;   81 939;   83 967;    96;;;;;;;;;
12064;Landkreis;Märkisch-Oderland;DE409;   2 158,65;   197 965;   98 154;   99 811;    92;;;;;;;;;
12065;Landkreis;Oberhavel;DE40A;   1 808,19;   215 795;   106 259;   109 536;    119;;;;;;;;;
12066;Landkreis;Oberspreewald-Lausitz;DE40B;   1 223,48;   107 558;   52 825;   54 733;    88;;;;;;;;;
12067;Landkreis;Oder-Spree;DE40C;   2 256,75;   179 245;   87 756;   91 489;    79;;;;;;;;;
12068;Landkreis;Ostprignitz-Ruppin;DE40D;   2 526,50;   98 829;   49 177;   49 652;    39;;;;;;;;;
12069;Landkreis;Potsdam-Mittelmark;DE40E;   2 592,02;   219 521;   108 577;   110 944;    85;;;;;;;;;
12070;Landkreis;Prignitz;DE40F;   2 138,54;   75 574;   37 448;   38 126;    35;;;;;;;;;
12071;Landkreis;Spree-Neiße;DE40G;   1 656,99;   111 955;   54 945;   57 010;    68;;;;;;;;;
12072;Landkreis;Teltow-Fläming;DE40H;   2 104,20;   172 545;   86 006;   86 539;    82;;;;;;;;;
12073;Landkreis;Uckermark;DE40I;   3 077,03;   117 336;   57 387;   59 949;    38;;;;;;;;;
;;Insgesamt;;   29 654,37;  2 537 868;  1 250 325;  1 287 543;    86;;;;;;;;;
13;Mecklenburg-Vorpommern;;;;;;;;;;;;;;;;
13003;Kreisfreie Stadt;Rostock;DE803;    181,36;   208 400;   102 559;   105 841;   1 149;;;;;;;;;
13004;Kreisfreie Stadt;Schwerin;DE804;    130,52;   95 740;   45 944;   49 796;    734;;;;;;;;;
13071;Landkreis;Mecklenburgische Seenplatte;DE80J; 5 495,58;  257 525;  126 475;  131 050;   47;;;;;;;;;
13072;Landkreis;Landkreis Rostock;DE80K;   3 431,20;   217 796;   108 035;   109 761;    63;;;;;;;;;
13073;Landkreis;Vorpommern-Rügen;DE80L;   3 215,69;   225 900;   110 687;   115 213;    70;;;;;;;;;
13074;Landkreis;Nordwestmecklenburg;DE80M;   2 127,07;   158 449;   78 839;   79 610;    74;;;;;;;;;
13075;Landkreis;Vorpommern-Greifswald;DE80N;   3 945,66;   235 451;   115 084;   120 367;    60;;;;;;;;;
13076;Landkreis;Ludwigslust-Parchim;DE80O;   4 766,81;   211 899;   105 820;   106 079;    44;;;;;;;;;
;;Insgesamt;;   23 293,89;  1 611 160;   793 443;   817 717;    69;;;;;;;;;
14;Sachsen;;;;;;;;;;;;;;;;
145;Direktionsbezirk Chemnitz;;;;;;;;;;;;;;;;
14511;Kreisfreie Stadt;Chemnitz, Stadt;DED41;    221,03;   243 105;   120 364;   122 741;   1 100;;;;;;;;;
14521;Landkreis;Erzgebirgskreis;DED42;   1 827,93;   328 695;   160 912;   167 783;    180;;;;;;;;;
14522;Landkreis;Mittelsachsen;DED43;   2 116,85;   299 329;   148 921;   150 408;    141;;;;;;;;;
14523;Landkreis;Vogtlandkreis;DED44;   1 412,41;   221 376;   108 012;   113 364;    157;;;;;;;;;
14524;Landkreis;Zwickau;DED45;    949,78;   309 621;   151 258;   158 363;    326;;;;;;;;;
146;Direktionsbezirk Dresden;;;;;;;;;;;;;;;;
14612;Kreisfreie Stadt;Dresden, Stadt;DED21;    328,49;   555 351;   276 419;   278 932;   1 691;;;;;;;;;
14625;Landkreis;Bautzen;DED2C;   2 395,59;   296 290;   146 508;   149 782;    124;;;;;;;;;
14626;Landkreis;Görlitz;DED2D;   2 111,41;   248 273;   121 718;   126 555;    118;;;;;;;;;
14627;Landkreis;Meißen;DED2E;   1 454,59;   239 344;   117 560;   121 784;    165;;;;;;;;;
14628;Landkreis;Sächsische Schweiz-Osterzgebirge;DED2F;   1 654,20;   244 009;   120 525;   123 484;    148;;;;;;;;;
147;Direktionsbezirk Leipzig;;;;;;;;;;;;;;;;
14713;Kreisfreie Stadt;Leipzig, Stadt;DED51;    297,80;   601 866;   296 110;   305 756;   2 021;;;;;;;;;
14729;Landkreis;Leipzig;DED52;   1 651,26;   258 214;   126 602;   131 612;    156;;;;;;;;;
14730;Landkreis;Nordsachsen;DED53;   2 028,56;   197 529;   97 975;   99 554;    97;;;;;;;;;
;;Insgesamt;;   18 449,90;  4 043 002;  1 992 884;  2 050 118;    219;;;;;;;;;
15;Sachsen-Anhalt;;;;;;;;;;;;;;;;
15001;Kreisfreie Stadt;Dessau-Roßlau, Stadt;DEE01;    245,00;   78 731;   38 223;   40 508;    321;;;;;;;;;
15002;Kreisfreie Stadt;Halle (Saale), Stadt;DEE02;    135,01;   238 061;   115 441;   122 620;   1 763;;;;;;;;;
15003;Kreisfreie Stadt;Magdeburg, Landeshauptstadt;DEE03;    201,03;   236 188;   116 626;   119 562;   1 175;;;;;;;;;
15081;Landkreis;Altmarkkreis Salzwedel;DEE04;   2 294,59;   81 986;   40 808;   41 178;    36;;;;;;;;;
15082;Landkreis;Anhalt-Bitterfeld;DEE05;   1 455,08;   155 900;   76 440;   79 460;    107;;;;;;;;;
15083;Landkreis;Börde;DEE07;   2 367,22;   170 106;   84 778;   85 328;    72;;;;;;;;;
15084;Landkreis;Burgenlandkreis;DEE08;   1 414,04;   176 333;   87 308;   89 025;    125;;;;;;;;;
15085;Landkreis;Harz;DEE09;   2 104,92;   209 117;   102 527;   106 590;    99;;;;;;;;;
15086;Landkreis;Jerichower Land;DEE06;   1 578,19;   89 118;   44 355;   44 763;    56;;;;;;;;;
15087;Landkreis;Mansfeld-Südharz;DEE0A;   1 449,05;   132 317;   64 971;   67 346;    91;;;;;;;;;
15088;Landkreis;Saalekreis;DEE0B;   1 434,23;   182 814;   90 387;   92 427;    127;;;;;;;;;
15089;Landkreis;Salzlandkreis;DEE0C;   1 428,11;   185 495;   90 596;   94 899;    130;;;;;;;;;
15090;Landkreis;Stendal;DEE0D;   2 424,25;   109 746;   54 029;   55 717;    45;;;;;;;;;
15091;Landkreis;Wittenberg;DEE0E;   1 933,32;   123 341;   60 654;   62 687;    64;;;;;;;;;
;;Insgesamt;;   20 464,04;  2 169 253;  1 067 143;  1 102 110;    106;;;;;;;;;
16;Thüringen;;;;;;;;;;;;;;;;
16051;Kreisfreie Stadt;Erfurt, Stadt;DEG01;    269,91;   213 227;   103 638;   109 589;    790;;;;;;;;;
16052;Kreisfreie Stadt;Gera, Stadt;DEG02;    152,18;   91 368;   44 203;   47 165;    600;;;;;;;;;
16053;Kreisfreie Stadt;Jena, Stadt;DEG03;    114,77;   110 502;   55 097;   55 405;    963;;;;;;;;;
16054;Kreisfreie Stadt;Suhl, Stadt;DEG04;    141,62;   36 054;   17 718;   18 336;    255;;;;;;;;;
16055;Kreisfreie Stadt;Weimar, Stadt;DEG05;    84,48;   65 138;   31 456;   33 682;    771;;;;;;;;;
16061;Landkreis;Eichsfeld;DEG06;    943,07;   99 324;   49 800;   49 524;    105;;;;;;;;;
16062;Landkreis;Nordhausen;DEG07;    713,93;   81 687;   40 557;   41 130;    114;;;;;;;;;
16063;Landkreis;Wartburgkreis;DEG0P;   1 371,14;   158 900;   79 235;   79 665;    116;;;;;;;;;
16064;Landkreis;Unstrut-Hainich-Kreis;DEG09;    979,68;   101 269;   50 147;   51 122;    103;;;;;;;;;
16065;Landkreis;Kyffhäuserkreis;DEG0A;   1 037,91;   72 964;   36 276;   36 688;    70;;;;;;;;;
16066;Landkreis;Schmalkalden-Meiningen;DEG0B;   1 251,21;   123 404;   61 702;   61 702;    99;;;;;;;;;
16067;Landkreis;Gotha;DEG0C;    936,08;   133 825;   66 616;   67 209;    143;;;;;;;;;
16068;Landkreis;Sömmerda;DEG0D;    806,86;   68 717;   34 399;   34 318;    85;;;;;;;;;
16069;Landkreis;Hildburghausen;DEG0E;    938,42;   62 089;   31 089;   31 000;    66;;;;;;;;;
16070;Landkreis;Ilm-Kreis;DEG0F;    805,11;   105 367;   52 958;   52 409;    131;;;;;;;;;
16071;Landkreis;Weimarer Land;DEG0G;    804,48;   82 103;   40 655;   41 448;    102;;;;;;;;;
16072;Landkreis;Sonneberg;DEG0H;    460,85;   56 504;   27 927;   28 577;    123;;;;;;;;;
16073;Landkreis;Saalfeld-Rudolstadt;DEG0I;   1 008,78;   100 969;   49 808;   51 161;    100;;;;;;;;;
16074;Landkreis;Saale-Holzland-Kreis;DEG0J;    815,24;   82 513;   41 034;   41 479;    101;;;;;;;;;
16075;Landkreis;Saale-Orla-Kreis;DEG0K;   1 151,30;   79 030;   39 308;   39 722;    69;;;;;;;;;
16076;Landkreis;Greiz;DEG0L;    845,98;   96 102;   47 405;   48 697;    114;;;;;;;;;
16077;Landkreis;Altenburger Land;DEG0M;    569,39;   87 807;   42 908;   44 899;    154;;;;;;;;;
;;Insgesamt;;   16 202,39;  2 108 863;  1 043 936;  1 064 927;    130;;;;;;;;;
;Deutschland;Insgesamt;;   357 585,32;  83 237 124;  41 066 785;  42 170 339;    233;;;;;;;;;
;;;;;;;;;;;;;;;;;
;;;;;;;;;;;;;;;;;
;;;;;;;;;;;;;;;;;
Quelle: Gemeindeverzeichnis-Informationssystem GV-ISys;;;;;;;;;;;;;;;;;
;;;;;;;;;;;;;;;;;
"1)  Fläche in Rheinland-Pfalz: Ohne das Gebiet ""gemeinsames deutsch-luxemburgisches Hoheitsgebiet"" von 6,20 km2.";;;;;;;;;;;;;;;;;
"     Fläche in Mecklenburg-Vorpommern: Ohne das Gebiet ""Küstengewässer einschl. Anteil am Festlandsockel"" von 1,00 km2.";;;;;;;;;;;;;;;;;
     Abweichungen bei den Flächenangaben sind durch Runden der Zahlen möglich.;;;;;;;;;;;;;;;;;
"     Aufgrund fachlicher und methodischer Umstellungen in der Vermessungsverwaltung auf das ""Amtliche Liegenschaftskataster-Informationssystem""
     (ALKIS®) ist der Vergleich der Flächendaten ab 2014 mit den Flächendaten vorangegangener Jahre nur eingeschränkt möglich. ";;;;;;;;;;;;;;;;;
"2) Die Ergebnisse ab Berichtsjahr 2016 sind aufgrund methodischer Änderungen und technischer Weiterentwicklung
     nur bedingt mit den Vorjahreswerten vegleichbar. Erläuterungen dazu finden Sie unter www.destatis.de beim Bevölkerungsstand.";;;;;;;;;;;;;;;;;
;;;;;;;;;;;;;;;;;
© Daten (im Auftrag der Herausgebergemeinschaft Statistische Ämter des Bundes und der Länder);;;;;;;;;;;;;;;;;
     Statistisches Bundesamt (Destatis), 2022;;;;;;;;;;;;;;;;;
     Vervielfältigung und Verbreitung, auch auszugsweise, mit Quellenangabe gestattet.;;;;;;;;;;;;;;;;;
;;;;;;;;;;;;;;;;;
;;;;;;;;;;;;;;;;;
;;;;;;;;;;;;;;;;;
;;;;;;;;;;;;;;;;;
;;;;;;;;;;;;;;;;;
;;;;;;;;;;;;;;;;;
;;;;;;;;;;;;;;;;;
;;;;;;;;;;;;;;;;;
;;;;;;;;;;;;;;;;;
;;;;;;;;;;;;;;;;;
;;;;;;;;;;;;;;;;;
;;;;;;;;;;;;;;;;;
;;;;;;;;;;;;;;;;;
;;;;;;;;;;;;;;;;;
;;;;;;;;;;;;;;;;;
;;;;;;;;;;;;;;;;;
;;;;;;;;;;;;;;;;;
;;;;;;;;;;;;;;;;;
;;;;;;;;;;;;;;;;;
;;;;;;;;;;;;;;;;;
;;;;;;;;;;;;;;;;;
;;;;;;;;;;;;;;;;;
;;;;;;;;;;;;;;;;;
;;;;;;;;;;;;;;;;;
;;;;;;;;;;;;;;;;;
;;;;;;;;;;;;;;;;;
;;;;;;;;;;;;;;;;;
;;;;;;;;;;;;;;;;;
;;;;;;;;;;;;;;;;;
;;;;;;;;;;;;;;;;;
;;;;;;;;;;;;;;;;;
;;;;;;;;;;;;;;;;;
;;;;;;;;;;;;;;;;;
;;;;;;;;;;;;;;;;;
;;;;;;;;;;;;;;;;;
;;;;;;;;;;;;;;;;;
;;;;;;;;;;;;;;;;;
;;;;;;;;;;;;;;;;;
;;;;;;;;;;;;;;;;;
;;;;;;;;;;;;;;;;;
;;;;;;;;;;;;;;;;;
;;;;;;;;;;;;;;;;;
;;;;;;;;;;;;;;;;;
;;;;;;;;;;;;;;;;;
;;;;;;;;;;;;;;;;;
;;;;;;;;;;;;;;;;;
;;;;;;;;;;;;;;;;;
;;;;;;;;;;;;;;;;;
;;;;;;;;;;;;;;;;;
;;;;;;;;;;;;;;;;;
;;;;;;;;;;;;;;;;;
;;;;;;;;;;;;;;;;;
;;;;;;;;;;;;;;;;;
;;;;;;;;;;;;;;;;;
;;;;;;;;;;;;;;;;;
;;;;;;;;;;;;;;;;;
;;;;;;;;;;;;;;;;;
;;;;;;;;;;;;;;;;;
;;;;;;;;;;;;;;;;;
;;;;;;;;;;;;;;;;;
;;;;;;;;;;;;;;;;;
;;;;;;;;;;;;;;;;;
;;;;;;;;;;;;;;;;;
;;;;;;;;;;;;;;;;;
;;;;;;;;;;;;;;;;;
;;;;;;;;;;;;;;;;;
;;;;;;;;;;;;;;;;;
;;;;;;;;;;;;;;;;;
;;;;;;;;;;;;;;;;;
;;;;;;;;;;;;;;;;;
;;;;;;;;;;;;;;;;;
;;;;;;;;;;;;;;;;;
;;;;;;;;;;;;;;;;;
;;;;;;;;;;;;;;;;;
;;;;;;;;;;;;;;;;;
;;;;;;;;;;;;;;;;;
;;;;;;;;;;;;;;;;;
;;;;;;;;;;;;;;;;;
;;;;;;;;;;;;;;;;;
;;;;;;;;;;;;;;;;;
;;;;;;;;;;;;;;;;;
;;;;;;;;;;;;;;;;;
;;;;;;;;;;;;;;;;;
;;;;;;;;;;;;;;;;;
;;;;;;;;;;;;;;;;;
;;;;;;;;;;;;;;;;;
;;;;;;;;;;;;;;;;;
;;;;;;;;;;;;;;;;;
;;;;;;;;;;;;;;;;;
;;;;;;;;;;;;;;;;;
;;;;;;;;;;;;;;;;;
;;;;;;;;;;;;;;;;;
;;;;;;;;;;;;;;;;;
;;;;;;;;;;;;;;;;;
;;;;;;;;;;;;;;;;;
;;;;;;;;;;;;;;;;;
;;;;;;;;;;;;;;;;;
;;;;;;;;;;;;;;;;;
;;;;;;;;;;;;;;;;;
;;;;;;;;;;;;;;;;;
;;;;;;;;;;;;;;;;;
;;;;;;;;;;;;;;;;;
;;;;;;;;;;;;;;;;;
;;;;;;;;;;;;;;;;;
;;;;;;;;;;;;;;;;;
;;;;;;;;;;;;;;;;;
;;;;;;;;;;;;;;;;;
;;;;;;;;;;;;;;;;;
;;;;;;;;;;;;;;;;;
;;;;;;;;;;;;;;;;;
;;;;;;;;;;;;;;;;;
;;;;;;;;;;;;;;;;;
;;;;;;;;;;;;;;;;;
;;;;;;;;;;;;;;;;;
;;;;;;;;;;;;;;;;;
;;;;;;;;;;;;;;;;;
;;;;;;;;;;;;;;;;;
;;;;;;;;;;;;;;;;;
;;;;;;;;;;;;;;;;;
;;;;;;;;;;;;;;;;;
;;;;;;;;;;;;;;;;;
;;;;;;;;;;;;;;;;;
;;;;;;;;;;;;;;;;;
;;;;;;;;;;;;;;;;;
;;;;;;;;;;;;;;;;;
;;;;;;;;;;;;;;;;;
;;;;;;;;;;;;;;;;;
;;;;;;;;;;;;;;;;;
;;;;;;;;;;;;;;;;;
;;;;;;;;;;;;;;;;;
;;;;;;;;;;;;;;;;;
;;;;;;;;;;;;;;;;;
;;;;;;;;;;;;;;;;;
;;;;;;;;;;;;;;;;;
;;;;;;;;;;;;;;;;;
;;;;;;;;;;;;;;;;;
;;;;;;;;;;;;;;;;;
;;;;;;;;;;;;;;;;;
;;;;;;;;;;;;;;;;;
;;;;;;;;;;;;;;;;;
;;;;;;;;;;;;;;;;;
;;;;;;;;;;;;;;;;;
;;;;;;;;;;;;;;;;;
;;;;;;;;;;;;;;;;;
;;;;;;;;;;;;;;;;;
;;;;;;;;;;;;;;;;;
;;;;;;;;;;;;;;;;;
;;;;;;;;;;;;;;;;;
;;;;;;;;;;;;;;;;;
;;;;;;;;;;;;;;;;;
;;;;;;;;;;;;;;;;;
;;;;;;;;;;;;;;;;;
;;;;;;;;;;;;;;;;;
;;;;;;;;;;;;;;;;;
;;;;;;;;;;;;;;;;;
;;;;;;;;;;;;;;;;;
;;;;;;;;;;;;;;;;;
;;;;;;;;;;;;;;;;;
;;;;;;;;;;;;;;;;;
;;;;;;;;;;;;;;;;;
;;;;;;;;;;;;;;;;;
;;;;;;;;;;;;;;;;;
;;;;;;;;;;;;;;;;;
;;;;;;;;;;;;;;;;;
;;;;;;;;;;;;;;;;;